Iteration,Alloy,Al,Co,Cr,Cu,Fe,Mn,Ni,V,HV,SD_HV,YS,SD_YS,ColdWork,RecrystT,HoldTime,GrainSize,SD_GS,Al_frac,Co_frac,Cr_frac,Cu_frac,Fe_frac,Mn_frac,Ni_frac,V_frac,n_comp,delta,dS_mix,VEC,delta_chi,Tm_bar,mu_bar,delta_mu,dH_mix,Omega,Phi_VLC,eps_Labusch,a_bar,d_inv_sqrt,log_d,mu_bar_GPa,nu_bar,a_bar_A,b_A,Q_misfit,tau_y0_MPa,sigma_y0_VLC,Delta_Eb_eV,kT_over_Eb,T_correction,sigma_y_VLC_300K,sigma_Labusch,sigma_TC,delta_Yang,eps_Labusch,sigma_0_exp
BBA,BBA01,4,8.0,4,4,16.0,12,48.0,4,140.2,3.8,284.2,34.3,60,950,0.5,23.0,13.0,0.04,0.08,0.04,0.04,0.16,0.12,0.48,0.04,8.0,0.0321792982505908,13.4439731706837,8.64,0.1319999999999999,1709.08,74.52,0.2037643375149378,-6.8992,3.330360863078631,0.0031044868459617,0.5537235389916373,3.57052,0.2085144140570747,1.3617278360175928,74.52,0.3015947570006753,3.606726730003607,2.550340928672332,0.0052928429419088876,186.30582497642706,570.0958244278668,1.5817604564396763,0.0163497722526104,0.9355819157630991,533.371343586767,228.71813458912482,440.6761011857406,0.03217929825059079,0.5537235389916373,181.19387945580507
BBA,BBA02,4,16.0,0,4,12.0,8,52.0,4,151.5,5.7,301.0,6.6,60,950,0.5,31.94,18.45,0.04,0.16,0.0,0.04,0.12,0.08,0.52,0.04,7.0,0.0323445014328643,12.271545577999357,8.92,0.1164377945514255,1699.24,72.52000000000001,0.1733779465176946,-6.2272,3.348583811016127,0.0031366567311914,0.5457825631251672,3.56908,0.1769426568684382,1.504334911802464,72.52,0.3102627292376938,3.5911620722344586,2.5393350536169197,0.00537453437680619,187.8975568680859,574.9665240163429,1.5468415884945685,0.01671885693617979,0.9346160649729697,537.3729501673408,238.661523322539,423.33019503986117,0.03234450143286436,0.5457825631251672,213.59032750699154
BBA,BBA03,4,12.0,8,4,16.0,8,48.0,0,128.9,3.1,217.6,4.8,60,950,0.5,39.92,24.35,0.04,0.12,0.08,0.04,0.16,0.08,0.48,0.0,7.0,0.0298771208539453,12.982947117949667,8.76,0.1186686142162281,1718.9199999999998,77.08,0.208576987141993,-5.094399999999999,4.380623323646758,0.0027408370161585,0.5215561343697078,3.56272,0.1582722344582296,1.6011905326153335,77.08,0.29889097963554495,3.598179901317645,2.544297408150849,0.005137636719277337,187.42895285213993,573.5325957275481,1.602098342838822,0.01614221956883676,0.9361282473289869,536.900063624474,238.76730299572694,435.0329769126941,0.029877120853945355,0.5215561343697078,139.41351617763456
BBA,BBA05,4,12.0,8,0,8.0,8,56.0,4,157.8,3.7,313.1,5.7,60,950,0.5,33.83,22.49,0.04,0.12,0.08,0.0,0.08,0.08,0.56,0.04,7.0,0.0326073628320224,11.995563264077823,8.680000000000001,0.1264911064067351,1745.28,76.56,0.210096321250897,-8.364800000000002,2.502823337501164,0.0032184265488206,0.5624321582049738,3.5616400000000006,0.1719289461332056,1.5293019977879805,76.56,0.30144858465956076,3.5930617115138705,2.5406783014332004,0.005480961243746208,195.83085206369532,599.2424073149077,1.625125507703287,0.015913492895402587,0.9367330337707052,561.3301581681541,262.2570598873906,454.10135727870744,0.03260736283202244,0.5624321582049738,228.16710061019646
BBA,BBA06,4,0.0,8,4,24.0,12,44.0,4,118.6,2.1,230.5,3.6,60,950,0.5,46.4,29.77,0.04,0.0,0.08,0.04,0.24,0.12,0.44,0.04,7.0,0.0318712781463481,12.857554301402812,8.4,0.132634837052714,1730.6,76.64,0.2244829271593177,-6.630399999999999,3.355948883024812,0.0030398694771675,0.5571641118024202,3.57396,0.1468050548786758,1.6665179805548809,76.64,0.29541324046765227,3.6200838440690526,2.559785834605091,0.005000158289124965,181.1672338066473,554.3717354483408,1.5994652947611125,0.01616879297455235,0.9360581692066495,518.924191743687,259.25755037970424,457.69181833264173,0.031871278146348186,0.5571641118024202,157.97830288993416
BBA,BBA07,4,12.0,0,0,16.0,8,52.0,8,187.1,8.4,410.3,,60,950,0.5,25.5,16.91,0.04,0.12,0.0,0.0,0.16,0.08,0.52,0.08,6.0,0.0344398688317362,11.810519525265324,8.64,0.1226207160311828,1733.96,72.76,0.175674993148169,-9.1072,2.24865693473615,0.0034942596043675,0.5783636156392381,3.5750800000000003,0.1980295085953348,1.4065401804339552,72.76,0.3100101698052037,3.599534735139138,2.5452554203334072,0.005520776446670435,191.78087011484735,586.8494625514328,1.5763020949392756,0.016406387648663277,0.9354332917246543,548.958524501331,286.6972802449835,441.5921421879079,0.034439868831736276,0.5783636156392382,312.47342275390463
BBA,BBA08,0,24.0,8,0,12.0,16,32.0,8,135.8,5.9,270.2,2.3,60,950,0.5,33.19,21.0,0.0,0.24,0.08,0.0,0.12,0.16,0.32,0.08,6.0,0.0211542932464081,13.791995976064374,8.32,0.1391034147675749,1786.68,77.76,0.178130663044194,-7.0784,3.481278731141882,0.001223643020996,0.3824808342150651,3.55488,0.1735786769609409,1.521007252408604,77.76,0.2947366700597338,3.598309593212426,2.5443891141691135,0.0020127435042911535,100.01349048527211,306.04128088493263,1.175585868752676,0.021998753054435195,0.9214887226798555,282.0135890099634,176.53551398989745,203.43978221562185,0.021154293246408187,0.3824808342150651,184.4521335812952
BBA,BBA09,4,16.0,8,0,12.0,0,48.0,12,200.9,8.0,,,60,950,0.5,30.79,22.57,0.04,0.16,0.08,0.0,0.12,0.0,0.48,0.12,6.0,0.0363270654076909,12.3479096625253,8.4,0.1118928058455949,1803.32,74.2,0.2425276955083987,-10.3808,2.14504011758488,0.0038403796798596,0.629802776636533,3.57952,0.1802167508802219,1.488409688903198,74.2,0.3113950926203114,3.6007680141258605,2.546127480268014,0.005513173338424592,196.1971861318096,600.3633895633374,1.6117034101823522,0.016046018800721998,0.9363822657216171,562.1696309756277,327.54647539319313,483.8481657046463,0.03632706540769095,0.6298027766365331,
BBA,BBA10,4,0.0,4,0,20.0,8,52.0,12,171.8,8.6,365.7,10.6,60,950,0.5,19.52,11.67,0.04,0.0,0.04,0.0,0.2,0.08,0.52,0.12,6.0,0.0361364387425121,11.439476428140056,8.32,0.1306745575848642,1768.76,73.52000000000001,0.2208051522847915,-10.7904,1.8751564656580857,0.0037843989832557,0.6189107526560611,3.5828800000000003,0.2263393651062963,1.290479813330673,73.52,0.3066412719048686,3.6153936189920985,2.556469344647886,0.005455963021190802,190.36516240709372,582.5173969657068,1.5996118262626562,0.01616731184177138,0.9360620741688316,545.2724428431482,317.0826406018664,473.1017824383976,0.03613643874251219,0.6189107526560611,253.88835363748962
BBA,BBA11,0,16.0,0,4,20.0,20,28.0,12,154.4,4.1,348.8,,60,950,0.5,17.69,8.91,0.0,0.16,0.0,0.04,0.2,0.2,0.28,0.12,6.0,0.023776915177949,13.93929601308001,8.280000000000001,0.1437976355855686,1749.0,73.04,0.1577027796738297,-6.297600000000001,3.87128886033996,0.0015302817830605,0.4118223412273477,3.57092,0.237758517182737,1.2477278329097232,73.04,0.3009812888781877,3.6136500068588417,2.555236424684701,0.002023382509565471,96.01202027780016,293.7967820500685,1.130662029244685,0.02287281482181723,0.9194226322622664,270.12341070265734,182.99402068963775,223.43324053508096,0.02377691517794899,0.41182234122734773,231.34729251172794
BBA,BBA12,0,0.0,8,4,16.0,12,52.0,8,148.0,8.8,316.0,8.5,60,950,0.5,32.26,23.33,0.0,0.0,0.08,0.04,0.16,0.12,0.52,0.08,6.0,0.0221702250564713,11.810519525265324,8.64,0.1345011524114198,1773.96,77.0,0.1953067137361814,-6.284800000000001,3.3336604533222496,0.0013298318204912,0.4049364709042662,3.55548,0.1760628868092117,1.5086643630529426,77.0,0.2979587316212865,3.5953430827600217,2.5422914745117575,0.0020416519889071847,100.9282420332564,308.8404206217646,1.1722603947377526,0.02206115922457592,0.9213403120099449,284.54712949693925,188.6265611471826,222.67279282857734,0.02217022505647134,0.4049364709042662,229.02493391624944
BBA,BBA13,4,20.0,4,4,16.0,0,52.0,0,106.8,2.1,176.8,2.3,60,950,0.5,101.01,76.04,0.04,0.2,0.04,0.04,0.16,0.0,0.52,0.0,6.0,0.0297902658182638,11.152461778096365,9.08,0.074903671472098,1720.76,75.2,0.1868907030932007,-3.3855999999999997,5.668333568430144,0.0027239758963064,0.5119744904861109,3.56328,0.0994987934600711,2.004364371107751,75.2,0.3100454075765591,3.580420202203561,2.5317394044754478,0.005005174012326142,185.68989200049904,568.2110695215271,1.55187382349011,0.01666464298161325,0.9347574877268294,531.1395518445174,251.8518823370089,418.56009260634454,0.02979026581826386,0.5119744904861109,127.64759603072488
BBA,BBA14,0,16.0,8,4,16.0,20,36.0,0,132.1,2.4,259.4,3.4,60,950,0.5,34.3,20.99,0.0,0.16,0.08,0.04,0.16,0.2,0.36,0.0,6.0,0.0115039630998839,13.359944723602124,8.64,0.141393069137069,1727.24,79.4,0.1538381006005286,-3.4432,6.7018561002539885,0.0003328876896213,0.2398864313571568,3.5444400000000003,0.1707469441906276,1.5352941200427703,79.4,0.2875316314116509,3.5960879658319813,2.542818186383131,0.0017353035181976004,90.58655491686409,277.1948580456041,1.1284554068683734,0.022917541148340954,0.9193176238737722,254.83011824851238,96.7737739868234,110.06701440984511,0.011503963099883904,0.23988643135715687,175.05100956982994
BBA,BBA15,0,20.0,8,4,0.0,20,44.0,4,154.0,7.2,340.8,,60,950,0.5,39.16,32.14,0.0,0.2,0.08,0.04,0.0,0.2,0.44,0.04,6.0,0.0179645649798473,12.176476262489258,8.72,0.1490900399087745,1733.76,77.24,0.1771103055411704,-5.7152,3.693849293962306,0.0008740476588952,0.3376178499830348,3.54256,0.1598006930251482,1.5928426831311002,77.24,0.2932399387327104,3.585788085326638,2.5355350710323923,0.002011536098762,98.87203669331899,302.54843228155613,1.1528242170575906,0.022433101975408834,0.9204586629415498,278.4833254529432,148.4815168389346,159.37298637015186,0.017964564979847338,0.33761784998303485,261.8584576455768
BBA,BBA16,4,12.0,0,12,20.0,8,44.0,0,124.5,5.0,209.6,5.3,60,950,0.5,26.7,15.8,0.04,0.12,0.0,0.12,0.2,0.08,0.44,0.0,6.0,0.0296956935458249,12.660522606967882,9.08,0.1075799237776267,1656.48,71.96,0.1894217437267393,-2.0544,10.208285868375272,0.0026684950235479,0.5114979531526699,3.57296,0.1935282499290458,1.4265112613645752,71.96,0.3088683512305636,3.599130474281062,2.544969564739294,0.004978119629537458,176.4350255508478,539.8911781855943,1.5030800510492441,0.017205619356680895,0.9333530610842176,503.90908381188916,240.7017708698481,405.5340872341563,0.02969569354582493,0.5114979531526699,113.99704453505137
BBA,BBA17,4,0.0,4,4,16.0,12,56.0,4,156.5,3.2,310.2,8.3,60,950,0.5,26.24,15.5,0.04,0.0,0.04,0.04,0.16,0.12,0.56,0.04,7.0,0.032463984112036,11.534537211343793,8.72,0.1333710613289104,1705.88,74.60000000000001,0.2036121988852281,-7.2192,2.725584045058614,0.0031570110423992,0.5579058659201108,3.56884,0.1952172023607576,1.4189638307036223,74.6,0.3014237085369439,3.605250165035184,2.5492968395702977,0.005378501394804139,188.41813337256934,576.5594881200623,1.589601768161138,0.016269120819417837,0.9357939346836687,539.540871967075,252.8046949704803,444.01560719145954,0.03246398411203603,0.5579058659201108,213.76270203378573
BBA,BBA18,0,4.0,8,4,16.0,20,44.0,4,132.3,2.5,267.0,,60,950,0.5,40.57,26.11,0.0,0.04,0.08,0.04,0.16,0.2,0.44,0.04,7.0,0.0177947043894194,13.00854541234856,8.56,0.145911754152981,1740.64,78.36,0.1753087084848799,-5.152000000000001,4.395029985743477,0.0008484560615617,0.3343589812958276,3.54976,0.1569992205008053,1.6082050077043262,78.36,0.28926498817239404,3.601810284363917,2.5468644766211725,0.001959573101369602,97.43565197896882,298.1530950556446,1.1682075845596949,0.022137695014812907,0.9211584900215567,274.64625483671125,134.17661231932757,174.3566673202037,0.01779470438941946,0.33435898129582764,189.44238507260218
BBA,BBA19,4,8.0,0,12,20.0,8,48.0,0,124.8,4.0,232.6,1.7,60,950,0.5,43.31,27.07,0.04,0.08,0.0,0.12,0.2,0.08,0.48,0.0,6.0,0.0298304695225592,12.150877968090368,9.12,0.1080918128259489,1654.88,72.0,0.1894599211664437,-2.1824000000000003,9.213821907914856,0.0026911272868518,0.5135157555363777,3.57212,0.1519518206767295,1.6365881837298424,72.0,0.3087828269986979,3.598389222928739,2.5444454208815026,0.005017279062278746,177.4129329985032,542.8835749754198,1.50672729929128,0.017163970702023006,0.9334606568002355,506.7604584626153,242.1031598292693,407.2976244301184,0.029830469522559237,0.5135157555363777,157.53580058569563
BBB,BBB01,0,24.0,4,0,8.0,4,36.0,24,203.7,5.4,431.54,9.4,60,950,0.5,27.4,25.34,0.0,0.24,0.04,0.0,0.08,0.04,0.36,0.24,6.0,0.0315485477200524,12.573916157232008,8.12,0.1271257645011427,1863.16,70.96,0.2186639139379756,-11.616,2.0168059252331596,0.0026788867551347,0.5501031614608731,3.58184,0.1910401799752175,1.437750562820388,70.96,0.3179826498827998,3.599375496609957,2.545142821689597,0.0024753644904160453,112.18339738019873,343.28119598340817,1.1904301661406225,0.021724435381889368,0.9221427609857618,316.55426985863437,261.53835743979084,303.8489983318106,0.031548547720052444,0.5501031614608731,337.16615109224256
BBB,BBB02,4,32.0,8,4,4.0,20,24.0,4,157.9,6.4,311.4,3.1,60,950,0.5,40.59,24.68,0.04,0.32,0.08,0.04,0.04,0.2,0.24,0.04,8.0,0.0312585723783651,14.517016387097506,8.24,0.147368381954882,1710.08,75.36,0.2259077230652344,-7.161600000000002,3.466440374113005,0.0029746298751329,0.5487909221248951,3.56876,0.156960536449337,1.6084190513172854,75.36,0.29384916313922693,3.6160503572365137,2.556933728713976,0.005168391179310878,181.28528444244563,554.7329703938838,1.581271666849847,0.016354826158678972,0.9355686415241038,518.9907715200367,228.5531551564217,445.0621112752114,0.03125857237836514,0.5487909221248951,233.8614949940275
BBB,BBB03,4,0.0,12,4,4.0,16,52.0,8,162.2,4.4,307.14,2.5,60,950,0.5,52.45,34.36,0.04,0.0,0.12,0.04,0.04,0.16,0.52,0.08,7.0,0.0343710919638752,12.271545577999357,8.32,0.1503084827945515,1741.92,75.96000000000001,0.2579897013384526,-9.632,2.219274363914933,0.0035193894455779,0.6074453954642609,3.56908,0.1380788793784549,1.7197454925295768,75.96,0.2943555265999858,3.6167016692892004,2.5573942758831,0.005476727830102562,190.20667882959773,582.032437218569,1.627027066950006,0.015894894280679125,0.9367823381465619,545.2377074147531,288.3321161537039,489.9796367591246,0.0343710919638753,0.6074453954642609,238.92903358704325
BBB,BBB04,4,12.0,4,0,28.0,0,40.0,12,139.2,4.4,261.94,2.0,60,950,0.5,33.47,20.27,0.04,0.12,0.04,0.0,0.28,0.0,0.4,0.12,6.0,0.0356899321734535,12.38220645218758,8.280000000000001,0.1036795061716634,1796.92,73.64,0.2216386545625234,-9.4784,2.3474251369497914,0.0036692132194056,0.6125431702206692,3.5894000000000004,0.1728510984657392,1.524655712357777,73.64,0.3118707560084568,3.613434033547754,2.5550837084918756,0.005195006459266905,187.41416223802113,573.4873364483448,1.5858782529624222,0.01630731941286452,0.9356934735024713,536.6083578510321,313.2508895379894,464.26889096013304,0.03568993217345351,0.6125431702206692,176.55155735792482
BBB,BBB07,4,40.0,0,0,12.0,4,36.0,4,125.0,5.6,211.35,3.5,60,950,0.5,48.77,37.59,0.04,0.4,0.0,0.0,0.12,0.04,0.36,0.04,6.0,0.0317598468867852,11.431812065584424,8.76,0.0976901223256476,1732.0,73.28,0.1563805088908276,-6.3104,3.1376613998466376,0.0030429709142815,0.5316756148015412,3.56984,0.1431936047727561,1.6881527555915663,73.28,0.31292179249234575,3.585153852489074,2.5350866006921,0.005195020231387976,187.07843011077227,572.4599961389632,1.5437584235408452,0.016752247519178982,0.9345290382241986,534.9804896135738,258.09368622682433,415.01073415333724,0.03175984688678523,0.5316756148015412,140.6123592422585
BBB,BBB08,4,8.0,12,4,4.0,24,40.0,4,143.2,3.0,282.39,1.6,60,950,0.5,40.11,23.35,0.04,0.08,0.12,0.04,0.04,0.24,0.4,0.04,8.0,0.0317896127531499,13.9719618872819,8.2,0.156437335697077,1710.2,77.28,0.2419327967095421,-8.256,2.8942404578039613,0.003078055861642,0.5632404679588282,3.5642000000000005,0.1578969237952532,1.6032526619816467,77.28,0.285747307382959,3.6238240943429245,2.562430590937081,0.005218074551684214,182.7323612225441,559.1610253409849,1.6180575833623396,0.01598300547946723,0.9365489277507483,523.6816587231084,242.64016190780814,468.91627012994616,0.031789612753149905,0.5632404679588282,204.3889196451449
BBB,BBB12,0,20.0,4,0,4.0,4,48.0,20,207.5,5.2,418.34,,60,950,0.5,29.1,24.65,0.0,0.2,0.04,0.0,0.04,0.04,0.48,0.2,6.0,0.0304038284040865,11.49282022092141,8.44,0.1255859864793839,1840.04,71.92,0.2035899002947952,-11.0912,1.9066691538611,0.0025065708528691,0.5273456168378389,3.57052,0.1853759994400161,1.4638929889859074,71.92,0.3168154096028073,3.585906046625036,2.535618482266407,0.002407778524848084,111.23624940729107,340.38292318631073,1.1800382539997163,0.02191574987786794,0.9216863335864646,313.7262884870339,250.55691710874646,288.4987536443558,0.03040382840408657,0.527345616837839,326.764256276632
BBB,BBB14,4,0.0,12,16,4.0,12,52.0,0,138.3,2.2,269.65,3.7,60,950,0.5,47.41,27.12,0.04,0.0,0.12,0.16,0.04,0.12,0.52,0.0,6.0,0.0304319538359315,11.636508122574986,8.96,0.1372005830891399,1669.48,74.8,0.2703841888814353,-3.4048000000000003,5.705744120205735,0.002820962307232,0.5569472022111,3.56368,0.1452329043248429,1.6758699553189569,74.8,0.2975165905457681,3.604804960968255,2.5489820327555606,0.005132681619781987,181.0381606640611,553.9767716320271,1.5596693517440707,0.01658134988166225,0.9349750656688735,517.954468435685,280.2742703442208,452.55934002207937,0.03043195383593151,0.5569472022111,197.90494526352757
BBB,BBB15,4,0.0,8,24,4.0,16,44.0,0,139.6,3.5,261.17,6.5,60,950,0.5,51.3,36.92,0.04,0.0,0.08,0.24,0.04,0.16,0.44,0.0,6.0,0.0299741958309799,12.109513598625089,9.08,0.143363035682145,1613.44,71.12,0.2772875371641365,-1.8368000000000009,10.636962990290536,0.0027171199170707,0.5539785164510617,3.57176,0.1396179694305651,1.7101173651118162,71.12,0.30081346518392643,3.6132841768702306,2.5549777438189927,0.0049369089715933364,169.35354873802768,518.2218591383647,1.481326326031596,0.01745828907952735,0.9327021607770981,483.34664778027775,264.5931372741056,432.9164878449378,0.029974195830979898,0.5539785164510617,192.19872310130086
BBC,BBC01,4,12.0,4,4,20.0,16,32.0,8,132.3,3.97,254.55,2.3,60,950,0.5,25.83,16.08,0.04,0.12,0.04,0.04,0.2,0.16,0.32,0.08,8.0,0.0332384750393372,15.152053842521877,8.200000000000001,0.1400571312000927,1723.84,73.68,0.2200445679383409,-7.5776,3.4469642757460024,0.0032594970076505,0.5755410019729051,3.58248,0.1967604453669851,1.4121244061733171,73.68,0.2993673281684588,3.6267852495454456,2.5645244438609294,0.004992765485539513,176.0228255693138,538.6298462421003,1.5544479470766552,0.016637046785393877,0.9348295341728416,503.5270882540919,238.09763487619574,451.0139707241479,0.033238475039337204,0.575541001972905,157.35033998870938
BBC,BBC02,4,8.0,0,0,4.0,8,52.0,24,199.9,11.04,449.1,0.9,60,950,0.5,14.66,8.32,0.04,0.08,0.0,0.0,0.04,0.08,0.52,0.24,6.0,0.0405280512296105,11.175482069840957,8.120000000000001,0.1421514685115844,1795.2,67.44,0.2252715576238523,-15.0464,1.33335717592105,0.0046120293848712,0.6864642353470287,3.59768,0.2611758488277851,1.1661339703051092,67.44,0.32060900362333905,3.6162875292236825,2.557101434634411,0.005990452518220107,193.68669448770484,592.6812851323768,1.5464963324755905,0.016722589428696217,0.934606334005935,553.923683131497,333.94200179668445,475.23106775268934,0.04052805122961056,0.6864642353470287,320.0791306790742
BBC,BBC04,4,0.0,4,0,4.0,4,60.0,24,200.0,8.8,445.73,2.2,60,950,0.5,15.53,8.88,0.04,0.0,0.04,0.0,0.04,0.04,0.6,0.24,6.0,0.0409056006975768,9.677690810257063,8.16,0.1376581272573472,1818.44,68.96000000000001,0.2573367224598429,-15.36,1.1457226612632716,0.0047031011802465,0.7032629947923841,3.5951999999999997,0.2537548035445979,1.1911714557285584,68.96,0.31963858301895187,3.6134713508355882,2.5551100957991584,0.0060397998282749644,198.56494056700868,607.6087181350466,1.579701816694454,0.016371078989507737,0.9355259622320817,568.4337306938912,352.65539950298665,497.28629436066745,0.0409056006975769,0.7032629947923841,320.3751270489687
BBC,BBC11,4,12.0,4,4,12.0,16,36.0,12,155.7,2.83,290.05,2.5,60,950,0.5,21.13,12.91,0.04,0.12,0.04,0.04,0.12,0.16,0.36,0.12,8.0,0.0352029358614147,15.053057823592498,8.16,0.1450715685446324,1735.4,72.04,0.2336488706088167,-9.3504,2.79379240963621,0.003612723896326,0.6097859855818862,3.58504,0.2175455737730469,1.3248994970523134,72.04,0.30317368444122583,3.6252832335491716,2.5634623581645135,0.0052594450669129645,180.18024807640865,551.3515591138106,1.5531651187794597,0.016650788063858103,0.9347936543158928,515.399938756764,251.44754259034988,463.6659387624929,0.035202935861414715,0.6097859855818862,182.58248655611484
BBC,BBC12,4,4.0,4,8,28.0,16,32.0,4,133.1,11.43,252.13,,60,950,0.5,20.97,11.87,0.04,0.04,0.04,0.08,0.28,0.16,0.32,0.04,8.0,0.0311302034998463,14.394367557286852,8.360000000000001,0.1361505049568307,1694.28,74.28,0.219486038684413,-4.6015999999999995,5.29991504367176,0.0028893190545802,0.5442986781928535,3.58188,0.2183739273601394,1.321598430465344,74.28,0.29663867468071164,3.630352668571795,2.567046990045795,0.004662270344308974,168.18762143595427,514.6541215940201,1.5301385955925388,0.016901359978413636,0.9341411057864594,480.75957024339687,222.82232805188272,437.01492187635176,0.0311302034998463,0.5442986781928534,144.2532798840911
BBC,BBC13,4,28.0,0,20,4.0,8,36.0,0,136.2,2.48,266.57,,60,950,0.5,19.78,11.11,0.04,0.28,0.0,0.2,0.04,0.08,0.36,0.0,6.0,0.0298000510780194,12.518229991285525,9.32,0.1074087519711498,1620.0,68.60000000000001,0.2084497134894399,-0.8255999999999997,24.563387337551543,0.0026856770309711,0.520375155423938,3.57304,0.2248468752066439,1.2962262872611603,68.60000000000001,0.3153408042883825,3.59030135543367,2.5387264349304006,0.0049374555279312,170.509230102611,521.7582441139897,1.432122184949554,0.018058112284521827,0.9311693982976769,485.8453102284762,234.7879394735249,394.0924350204013,0.029800051078019484,0.520375155423938,155.49564364791792
BBC,BBC14,0,12.0,4,0,4.0,16,40.0,24,198.1,12.44,406.38,7.4,60,950,0.5,20.05,15.04,0.0,0.12,0.04,0.0,0.04,0.16,0.4,0.24,6.0,0.0313011856344398,12.588883729079807,7.96,0.149550794046705,1829.96,71.2,0.218776769422705,-12.0832,1.9065440999790528,0.0026539800487798,0.5465189069942418,3.5786,0.2233278122417766,1.3021143769562011,71.2,0.3084502832587892,3.612868644220237,2.554683917864377,0.002663610024335867,114.91464006038973,351.63879858479254,1.2204937274291467,0.021189312685324813,0.9234266031388612,324.71262130898515,260.14561649182326,309.6915863264725,0.03130118563443981,0.5465189069942418,296.05606075256236
BBC,BBC15,4,16.0,0,20,4.0,12,44.0,0,119.7,3.33,218.75,4.1,60,950,0.5,25.02,15.28,0.04,0.16,0.0,0.2,0.04,0.12,0.44,0.0,6.0,0.0300519863311928,12.37350795692419,9.32,0.1237778655495399,1606.84,68.84,0.2096112168804397,-1.7663999999999995,11.255801361811637,0.0027297018697372,0.52453414011802,3.57116,0.1999200479680223,1.3982873053574012,68.84,0.3116895624805765,3.5949293756190994,2.5419989393869864,0.0050769097714498035,172.44050458903453,527.6679440424457,1.4483133058238113,0.017856235330423628,0.9316833439211876,491.6194345854839,238.12343520936173,399.036389636912,0.030051986331192864,0.52453414011802,119.98949630379698
CBA,CBA01,0,8.0,8,0,24.0,8,44.0,8,120.88888888888889,4.136557881996952,175.7510535245365,1.3600779576851132,50,1150,2.0,211.75,158.69,0.0,0.08,0.08,0.0,0.24,0.08,0.44,0.08,6.0,0.0215355162092481,12.57053965135912,8.48,0.1209799983468341,1806.96,78.4,0.1770341997234436,-6.796799999999999,3.3419347823122467,0.0012552750570021,0.3873866198280605,3.55816,0.0687208132744049,2.3258234190027447,78.4,0.2984592711320488,3.5958776846818368,2.5426694951559083,0.0018947697009321436,97.91685507605683,299.62557653273393,1.1656088870328025,0.02218705048380949,0.9210413499965846,275.96754550321424,181.03886365597128,212.9764399658892,0.021535516209248148,0.3873866198280605,141.80297176698048
CBA,CBA02,0,16.0,8,0,8.0,12,44.0,12,186.0,9.604686356149273,353.506181551265,,40,800,1.0,107.39,321.06,0.0,0.16,0.08,0.0,0.08,0.12,0.44,0.12,6.0,0.0250576676716987,13.031565704093152,8.4,0.1376662631148241,1806.72,76.32,0.1972461141849616,-8.8256,2.667738214840824,0.0017183047665377,0.446816547480353,3.55776,0.0964979481135709,2.030963842378275,76.32,0.30085843357276504,3.593193459935016,2.540771461635203,0.0022195065365474345,106.66756523038502,326.40274960497817,1.1976461762856399,0.021593542177189572,0.9224558107709011,301.0921130247116,213.17697254374585,245.4177859290726,0.025057667671698727,0.4468165474803531,305.83619518316095
CBA,CBA03,0,32.0,8,0,8.0,12,32.0,8,136.55555555555554,5.410894360249309,261.272043239183,4.8736082305012625,50,825,4.0,33.17,22.04,0.0,0.32,0.08,0.0,0.08,0.12,0.32,0.08,6.0,0.0212410181113885,13.21796667597699,8.44,0.1315349383243858,1794.92,77.32000000000001,0.1789739496547016,-6.924800000000001,3.4261195624486795,0.0012359143728107,0.3841015130919662,3.55328,0.1736309990953503,1.5207454715194824,77.32,0.29921060104388764,3.5881893772305338,2.5372330408212447,0.001929156896193197,97.94811999206227,299.7212471757106,1.1503272348384688,0.022481796864181256,0.920343599150129,275.8465313674589,176.52902935203613,200.267085767729,0.02124101811138856,0.3841015130919662,175.49832968607996
CBA,CBA04,0,8.0,8,0,20.0,12,44.0,8,112.44444444444444,6.064468466220084,184.9837238866585,6.739850660083259,50,1125,1.0,193.91,141.78,0.0,0.08,0.08,0.0,0.2,0.12,0.44,0.08,6.0,0.0215941568751984,12.83453400965822,8.440000000000001,0.1317573527360048,1795.2800000000002,78.28,0.1770668577934587,-7.155200000000001,3.2202569064259854,0.0012659228946803,0.3882362947786095,3.55616,0.0718124753270891,2.287600206359951,78.28,0.2959728154280532,3.597980035531694,2.5441560816982762,0.001995081223586387,100.4545637021074,307.3909649284487,1.1817833058040044,0.021883388514596966,0.9217634458958908,283.34175506970973,181.2905885738885,211.5075854872446,0.021594156875198476,0.3882362947786096,149.5083610750765
CBA,CBA05,0,16.0,8,0,16.0,8,44.0,8,135.66666666666666,6.442049363362564,262.1828433491725,8.951319060537545,60,850,1.0,30.12,21.55,0.0,0.16,0.08,0.0,0.16,0.08,0.44,0.08,6.0,0.0216381086142625,12.918562456739796,8.56,0.1221579305653136,1803.52,77.84,0.178110750200309,-6.924800000000001,3.364557209158294,0.0012738368447194,0.3893386981844838,3.55456,0.1822101292697509,1.478854967528663,77.84,0.30044674641220703,3.5878579576857668,2.5369986918137224,0.0019087854631912866,98.2667241776663,300.6961759836589,1.1557442329604362,0.02237642419787794,0.9205926948349322,276.81870297535556,180.95441668551584,208.60431065216062,0.021638108614262568,0.38933869818448386,172.1710394899156
CBA,CBA06,0,8.0,8,0,32.0,8,40.0,4,200.44444444444449,8.632947224313245,409.940171337235,,50,700,8.0,24.94,48.31,0.0,0.08,0.08,0.0,0.32,0.08,0.4,0.04,6.0,0.0169491113376121,12.188865831682762,8.52,0.1134900876728888,1795.4,80.04,0.1536875864239224,-5.056,4.328300971954754,0.0007663242725197,0.3117075588677831,3.5556,0.2002404328658183,1.3968964491425238,80.04000000000002,0.29465291485928174,3.5974043511740064,2.543749011385132,0.001655077407045302,90.33508138159658,276.4253490276855,1.132663447880384,0.022832398511110866,0.919517580487669,254.1779681233968,138.3247166263921,167.56027514778657,0.016949111337612153,0.3117075588677831,311.0213975015207
CBA,CBA07,0,16.0,8,0,12.0,12,40.0,12,143.66666666666666,3.4999999999999996,253.358960108993,4.958106498145816,50,950,8.0,62.98,40.59,0.0,0.16,0.08,0.0,0.12,0.12,0.4,0.12,6.0,0.0247921342152036,13.51093583454787,8.32,0.1360388179895723,1810.04,76.56,0.197160159474632,-8.512,2.8730420932759664,0.0016785637012728,0.442970098013284,3.5604000000000005,0.1260081605527246,1.799202656300525,76.56,0.29995022016455164,3.597937650032613,2.5441261106244517,0.0021660528898628244,104.9981250724402,321.29426272166705,1.194824150481178,0.021644543433909418,0.922333758974409,296.34054507298646,211.3963104297043,246.00486508342303,0.024792134215203668,0.442970098013284,191.11092879594705
CBA,CBA08,0,16.0,8,0,12.0,12,40.0,12,144.33333333333334,3.6400549446402586,255.37187607537948,4.988551670158404,50,950,4.0,55.9,38.68,0.0,0.16,0.08,0.0,0.12,0.12,0.4,0.12,6.0,0.0247921342152036,13.51093583454787,8.32,0.1360388179895723,1810.04,76.56,0.197160159474632,-8.512,2.8730420932759664,0.0016785637012728,0.442970098013284,3.5604000000000005,0.1337500940430679,1.7474118078864234,76.56,0.29995022016455164,3.597937650032613,2.5441261106244517,0.0021660528898628244,104.9981250724402,321.29426272166705,1.194824150481178,0.021644543433909418,0.922333758974409,296.34054507298646,211.3963104297043,246.00486508342303,0.024792134215203668,0.442970098013284,189.29932961810394
CBA,CBA09,0,28.000000000000004,12,0,12.0,8,36.0,4,118.88888888888889,8.631338250816034,180.4251686696895,5.589943474197434,50,1025,4.0,91.84,63.46,0.0,0.28,0.12,0.0,0.12,0.08,0.36,0.04,6.0,0.0172743202371863,13.002276335764147,8.56,0.1194989539703172,1804.88,80.2,0.1780206313972543,-5.427200000000001,4.324061857476045,0.0008076946311492,0.3287587154057429,3.54644,0.1043479838912102,1.9630318750538984,80.2,0.2954275618068125,3.5828389494878397,2.5334497170821377,0.0016568683886443037,90.78613692025293,277.80557897597396,1.1228717914580857,0.023031501385738687,0.9190503764910862,255.31732194919306,148.8013935964303,165.28979921450852,0.017274320237186294,0.3287587154057429,128.87726462743166
CBA,CBA10,0,12.0,8,0,20.0,8,44.0,8,139.11111111111111,4.675586713035179,234.4547694067285,23.453443504379734,50,850,4.0,27.95,19.61,0.0,0.12,0.08,0.0,0.2,0.08,0.44,0.08,6.0,0.0215891804912145,12.83453400965822,8.520000000000001,0.121586841393302,1805.24,78.12,0.1776067426271833,-6.8672,3.3739244780398714,0.0012647804676728,0.3884120104771368,3.5563599999999997,0.1891511969643836,1.446381812222442,78.12,0.2994530087721279,3.5918722976807205,2.5398372588461426,0.0019073602327386752,98.28448721818249,300.75053088763843,1.1618167336946574,0.022259468701860293,0.9208696300515606,276.9520301163101,181.02922803427265,210.9251885184958,0.021589180491214527,0.3884120104771368,141.014078106323
CBA,CBA11,0,36.0,8,0,8.0,12,28.000000000000004,8,122.77777777777776,4.81606109226663,197.474679519008,4.890687446668187,50,1150,2.0,188.11,144.38,0.0,0.36,0.08,0.0,0.08,0.12,0.28,0.08,6.0,0.0210579351768596,13.176287738454487,8.4,0.1307369878802475,1796.52,77.28,0.1791338997625115,-6.7648,3.499211277183103,0.0012154389331777,0.3815871228511368,3.55412,0.0729111684731403,2.2744118834258744,77.28,0.2992961252757533,3.5889348474459735,2.537760167865755,0.0018985500716847798,96.88350291935828,296.46351893323634,1.1444756443187758,0.022596744062969753,0.9200723131448083,272.76787562795244,174.8994019998727,199.0098193941556,0.02105793517685968,0.3815871228511368,161.45656229327668
CBA,CBA12,0,8.0,8,0,28.000000000000004,8,40.0,8,100.11111111111111,11.554220008291344,195.83826000201,2.503226412061574,60,1000,2.0,64.37,42.27,0.0,0.08,0.08,0.0,0.28,0.08,0.4,0.08,6.0,0.021295885499998,12.730229257568256,8.4,0.1195324223798714,1810.28,78.64,0.1765994252299306,-6.540800000000001,3.523312044457966,0.0012250338739664,0.3837800545028001,3.5608000000000004,0.1246402310612658,1.8086835091289692,78.64,0.2975510577238354,3.6006148085771628,2.546019147585614,0.0018352842410950733,95.89482464270245,293.4381634066695,1.1598469526239796,0.02229727220687712,0.9207800633958901,270.19201070436674,179.34239657245973,213.14831461602148,0.021295885499997995,0.38378005450280017,134.26598585774468
CBA,CBA13,0,8.0,8,0,32.0,8,40.0,4,107.22222222222224,5.477225575051662,161.2184028575885,1.2704947921712777,40,1025,2.0,117.68,72.94,0.0,0.08,0.08,0.0,0.32,0.08,0.4,0.04,6.0,0.0169491113376121,12.188865831682762,8.52,0.1134900876728888,1795.4,80.04,0.1536875864239224,-5.056,4.328300971954754,0.0007663242725197,0.3117075588677831,3.5556,0.0921825399206024,2.0707026597194735,80.04000000000002,0.29465291485928174,3.5974043511740064,2.543749011385132,0.001655077407045302,90.33508138159658,276.4253490276855,1.132663447880384,0.022832398511110866,0.919517580487669,254.1779681233968,138.3247166263921,167.56027514778657,0.016949111337612153,0.3117075588677831,115.68022813681091
CBA,CBA14,0,24.0,8,0,8.0,8,40.0,12,125.8,5.99666574022598,245.030899078266,1.5161831026255803,50,1150,1.0,101.7,72.45,0.0,0.24,0.08,0.0,0.08,0.08,0.4,0.12,6.0,0.0249329147131737,13.049909781813842,8.44,0.1276244490683505,1818.28,76.12,0.197680569703633,-8.3712,2.834526705618844,0.0017003164763383,0.4452191236666707,3.5588,0.0991606862181216,2.0073209529227447,76.12,0.3044241511487054,3.5878153326888222,2.5369685513893354,0.0020823619175735237,103.03194229964717,315.27774343692033,1.1702453835642472,0.02209914568704126,0.9212500433642526,290.4496348130466,211.6054216691112,243.17547031076802,0.024932914713173746,0.44521912366667077,196.04552008651393
CBA,CBA15,0,24.0,8,0,12.0,8,36.0,12,154.22222222222223,4.176654695380556,269.0790436597715,8.442607140210058,50,975,1.0,44.16,28.48,0.0,0.24,0.08,0.0,0.12,0.08,0.36,0.12,6.0,0.0246741727933229,13.495968262700067,8.36,0.1261719461687105,1821.6,76.36,0.1976349073516499,-8.1088,3.031799500213896,0.0016617199045052,0.4414930873533504,3.56144,0.1504823163572115,1.6450290647211423,76.36,0.30351593774049196,3.592573728261997,2.540333245166695,0.0020473940431794827,101.92411367121939,311.8877878339313,1.1704149469399856,0.022095944082556097,0.9212576494592609,287.3290103149362,209.90722842779496,243.61566893933292,0.024674172793322922,0.44149308735335036,194.74077937930906
CBA,CBA16,0,12.0,8,0,8.0,12,48.0,12,148.22222222222223,3.700600551862419,272.6757609642905,1.9811446943738424,40,975,2.0,51.19,34.37,0.0,0.12,0.08,0.0,0.08,0.12,0.48,0.12,6.0,0.0252334911237432,12.634924312568993,8.44,0.1384693467883776,1805.12,76.36,0.1971135578575319,-9.0112,2.531023013039833,0.0017421301927055,0.4492843172313205,3.55692,0.1397678984691021,1.7091851295502454,76.36,0.30077290934089934,3.5924497562670252,2.5402455837283733,0.0022525108881467533,107.7518376193076,329.72062311508125,1.2032857396652434,0.021492337495970393,0.9226982899930332,304.23265512372285,214.86080377695058,246.78601338314516,0.02523349112374323,0.44928431723132056,203.63041912055405
CBA,CBA18,0,36.0,8,0,8.0,12,28.000000000000004,8,160.55555555555554,8.24789535443908,292.068003427262,,50,825,8.0,26.0,19.96,0.0,0.36,0.08,0.0,0.08,0.12,0.28,0.08,6.0,0.0210579351768596,13.176287738454487,8.4,0.1307369878802475,1796.52,77.28,0.1791338997625115,-6.7648,3.499211277183103,0.0012154389331777,0.3815871228511368,3.55412,0.196116135138184,1.414973347970818,77.28,0.2992961252757533,3.5889348474459735,2.537760167865755,0.0018985500716847798,96.88350291935828,296.46351893323634,1.1444756443187758,0.022596744062969753,0.9200723131448083,272.76787562795244,174.8994019998727,199.0098193941556,0.02105793517685968,0.3815871228511368,195.1866326689991
CBA,CBA19,0,24.0,12,0,16.0,8,36.0,4,120.77777777777776,3.527668414752788,171.634079461387,5.478845079087053,50,1025,8.0,140.01,105.25,0.0,0.24,0.12,0.0,0.16,0.08,0.36,0.04,6.0,0.0172453433280001,13.208953612656378,8.52,0.118928549978548,1806.6,80.48,0.1769523304073176,-5.395200000000001,4.42306042345511,0.0008027739656797,0.3277910997277585,3.54824,0.0845124072264898,2.1461590556048185,80.48,0.29443382416673336,3.5868645253836213,2.5362962290962257,0.0016712826496477176,91.36514625706455,279.5773475466175,1.1322192669570277,0.02284135588902262,0.9194965324925609,257.0704016325824,148.7352044266724,168.6887305560739,0.017245343328000085,0.32779109972775855,129.884950291501
CBA,CBA20,0,44.0,12,0,8.0,12,20.0,4,127.11111111111111,8.992280640144141,202.637855675381,,60,1025,2.0,82.55,55.89,0.0,0.44,0.12,0.0,0.08,0.12,0.2,0.04,6.0,0.0166203642242865,12.660522606967882,8.36,0.1275931032618926,1799.6,79.92,0.1792364899034415,-5.2416,4.346740782108402,0.0007524744476826,0.3206902946638395,3.5478,0.1100630291314341,1.9167170775988125,79.92,0.2932832030302797,3.5879420114771174,2.537058126819571,0.0016622086076629552,90.09761769610455,275.69871015008,1.121429551441524,0.023061121572666442,0.918980986621153,253.3618726638998,143.44965057682663,158.389865709819,0.01662036422428655,0.3206902946638395,148.26671928445253
CBA,CBA21,0,16.0,12,0,12.0,8,40.0,12,141.3,2.19317121994613,278.138405087326,9.657091873819104,50,825,8.0,38.9,25.22,0.0,0.16,0.12,0.0,0.12,0.08,0.4,0.12,6.0,0.024905360484149,13.51093583454787,8.28,0.1295444325318537,1836.48,78.0,0.2162984277842373,-8.4608,2.9326498016062867,0.0016954430988591,0.4534048047367373,3.5596,0.1603338419487164,1.5899496013257075,78.0,0.2991508480238958,3.596577553966295,2.5431643774728934,0.0020931397204887506,104.3141693298048,319.20135814920263,1.2007113080663405,0.02153841897485062,0.9225878349563036,294.49128992998453,222.16332022621992,259.3744230564209,0.024905360484149063,0.4534048047367373,198.9334871646601
CBA,CBA22,0,8.0,4,0,32.0,8,40.0,8,114.44444444444444,5.317685377847939,202.514837195642,1.0902983554553192,40,825,2.0,48.72,40.8,0.0,0.08,0.04,0.0,0.32,0.08,0.4,0.08,6.0,0.0210617337411064,12.18886583168276,8.48,0.1153401924742628,1795.52,77.32000000000001,0.152314983487092,-6.233600000000001,3.510868900491373,0.0011940313944074,0.3698115614864902,3.5636,0.1432670637653132,1.687707279624819,77.32000000000002,0.30083688556848676,3.5998741684413402,2.545495435923155,0.0018103632246242308,94.33321169829509,288.65962779678296,1.1399650940969794,0.022686153597939632,0.9198616163328222,265.5269117951796,167.82709937369555,200.86895260013895,0.02106173374110645,0.36981156148649025,131.74090769557728
CBA,CBA23,0,28.000000000000004,12,0,8.0,8,36.0,8,134.88888888888889,5.883120864907597,229.4297278746075,0.325902495161776,40,1025,2.0,110.87,71.16,0.0,0.28,0.12,0.0,0.08,0.08,0.36,0.08,6.0,0.0215941568751984,13.176287738454487,8.44,0.1252517464948093,1819.76,78.8,0.1989757068276105,-7.008,3.421472798934066,0.0012774253283182,0.3987055058086378,3.55164,0.0949714297684562,2.044814047528638,78.8,0.2983257046713661,3.586075527721292,2.5357383234988524,0.0018746403034406885,97.67996269888874,298.9006858585996,1.157645283060356,0.02233967831027343,0.9206796521634881,275.1917794877235,189.08574630548216,214.4774945278667,0.021594156875198476,0.39870550580863784,182.51384156899013
CBA,CBA24,0,36.0,8,0,8.0,12,28.000000000000004,8,155.6,6.81469001496033,294.019961155018,22.5554645557788,50,825,2.0,22.78,15.66,0.0,0.36,0.08,0.0,0.08,0.12,0.28,0.08,6.0,0.0210579351768596,13.176287738454487,8.4,0.1307369878802475,1796.52,77.28,0.1791338997625115,-6.7648,3.499211277183103,0.0012154389331777,0.3815871228511368,3.55412,0.209518868547528,1.3575537197430816,77.28,0.2992961252757533,3.5889348474459735,2.537760167865755,0.0018985500716847798,96.88350291935828,296.46351893323634,1.1444756443187758,0.022596744062969753,0.9200723131448083,272.76787562795244,174.8994019998727,199.0098193941556,0.02105793517685968,0.3815871228511368,190.51764009253918
CBB,CBB01,0,4.0,4,0,4.0,4,72.0,12,79.3407192206824,1.43474622572985,312.0,2.0,60,875,4.0,29.85,14.03,0.0,0.04,0.04,0.0,0.04,0.04,0.72,0.12,6.0,0.0259705516406052,8.363673527288746,9.0,0.1161474924395701,1797.2399999999998,74.4,0.1705665814969387,-8.6976,1.7282386647103136,0.0018478943010929,0.4491738685275355,3.55148,0.183032340095782,1.474944335465388,74.4,0.3124934537626641,3.5668107467150225,2.5221160662112454,0.00201453320321972,100.87560436142935,308.6793493459738,1.1247891045188092,0.02299224193857873,0.9191423936802834,283.72027603753077,209.27716466552266,235.89815155842328,0.02597055164060524,0.4491738685275356,221.58202399268367
CBB,CBB04,0,4.0,4,0,4.0,4,72.0,12,79.2528009687505,5.37216018144131,353.0,,60,875,1.0,36.42,20.26,0.0,0.04,0.04,0.0,0.04,0.04,0.72,0.12,6.0,0.0259705516406052,8.363673527288746,9.0,0.1161474924395701,1797.2399999999998,74.4,0.1705665814969387,-8.6976,1.7282386647103136,0.0018478943010929,0.4491738685275355,3.55148,0.1657028695180078,1.561339941458901,74.4,0.3124934537626641,3.5668107467150225,2.5221160662112454,0.00201453320321972,100.87560436142935,308.6793493459738,1.1247891045188092,0.02299224193857873,0.9191423936802834,283.72027603753077,209.27716466552266,235.89815155842328,0.02597055164060524,0.4491738685275356,271.14278245810414
CBB,CBB06,0,8.0,4,0,4.0,12,52.0,20,103.087788155315,7.10183649193149,452.0,2.0,60,775,1.0,23.15,12.2,0.0,0.08,0.04,0.0,0.04,0.12,0.52,0.2,6.0,0.0303454721231043,11.439476428140056,8.32,0.1445024567265207,1818.52,72.28,0.2041796189693913,-11.7376,1.772331368772258,0.0025023350100176,0.5267127513799693,3.5692800000000005,0.2078377835631863,1.3645509953539718,72.28,0.30976949868279224,3.5973996035833222,2.543745654331565,0.002633378964858044,116.22454897900802,355.64711987576453,1.2208868410461,0.021182489933968637,0.9234430412774606,328.4198579996456,251.40824579643814,292.81230929985725,0.030345472123104424,0.5267127513799693,349.32813491978595
CBB,CBB08,0,24.0,4,0,8.0,12,32.0,20,86.9399610969451,2.61115594726462,323.0,,60,925,1.0,32.11,15.7,0.0,0.24,0.04,0.0,0.08,0.12,0.32,0.2,6.0,0.0292198600352959,13.420952878939108,8.08,0.1392126431039939,1828.24,72.36,0.2049761381250264,-10.4768,2.342005468405585,0.0023171695639353,0.510478279306882,3.57528,0.1764736414388936,1.5066403055665023,72.36,0.30920338220204163,3.6050897553386108,2.5491834127860833,0.002410203093783661,109.49981596557092,335.069436854647,1.193316313321289,0.021671892801829854,0.9222683483231694,309.0239361015098,241.39661676203178,284.2397598973261,0.029219860035295957,0.510478279306882,235.82202112918657
CBB,CBB11,0,4.0,4,0,8.0,4,64.0,16,79.371312264932,2.23721943084248,306.0,4.0,60,1000,1.0,46.72,21.89,0.0,0.04,0.04,0.0,0.08,0.04,0.64,0.16,6.0,0.0286342619785439,9.70376965679508,8.72,0.1219744235485456,1818.76,73.48,0.1887356393061415,-10.1824,1.7332680017473898,0.0022296741704036,0.4955006630294308,3.56196,0.1463014339951632,1.669502834104343,73.48,0.3135751698107909,3.579674961907033,2.531212440008159,0.002302459828923622,109.2570909309855,334.3266982488156,1.1759572424070406,0.021991805729295575,0.9215052530738691,308.08380867912587,235.59047699077033,270.08126136142886,0.028634261978543976,0.49550066302943085,233.72709160638937
CBB,CBB12,0,4.0,4,0,4.0,4,72.0,12,83.9111094144927,1.66734606905655,321.0,16.0,60,875,1.0,36.21,21.27,0.0,0.04,0.04,0.0,0.04,0.04,0.72,0.12,6.0,0.0259705516406052,8.363673527288746,9.0,0.1161474924395701,1797.2399999999998,74.4,0.1705665814969387,-8.6976,1.7282386647103136,0.0018478943010929,0.4491738685275355,3.55148,0.1661826720058589,1.5588285248170115,74.4,0.3124934537626641,3.5668107467150225,2.5221160662112454,0.00201453320321972,100.87560436142935,308.6793493459738,1.1247891045188092,0.02299224193857873,0.9191423936802834,283.72027603753077,209.27716466552266,235.89815155842328,0.02597055164060524,0.4491738685275356,238.9057600291057
CBB,CBB14,0,32.0,4,0,16.0,16,16.0,16,76.0715259149877,7.85290846384773,291.0,11.0,40,775,8.0,51.89,40.2,0.0,0.32,0.04,0.0,0.16,0.16,0.16,0.16,6.0,0.0258358149414223,13.85300413140136,7.92,0.1375534805084916,1811.52,74.04,0.1905661064337,-8.192,3.063353765150902,0.0018189473574727,0.455184259773204,3.57504,0.1388219577063172,1.7150836706949273,74.04,0.302173405280797,3.61487200830872,2.5561005101965297,0.0020579864943289826,98.77787518276395,302.2602980592577,1.1558279125903506,0.022374804189505337,0.9205965275012642,278.25978079484975,211.98850968263284,253.64428668398446,0.025835814941422293,0.455184259773204,222.42195289307932
CBB,CBB15,0,36.0,20,0,4.0,4,32.0,4,81.5947708658962,1.88009047349221,203.0,14.0,60,1075,1.0,86.4,46.04,0.0,0.36,0.2,0.0,0.04,0.04,0.32,0.04,6.0,0.0177491175932617,11.97686656540003,8.44,0.1156366723838073,1845.96,82.64,0.2081564180771068,-5.612800000000001,3.938999537675641,0.0008585870591156,0.3521037848044039,3.54188,0.1075828707279838,1.9365137424788936,82.64,0.2924216236934501,3.5789292262833157,2.5306851252916562,0.001548324215554348,88.63548939849582,271.22459755939724,1.1225602694438193,0.023037892864128367,0.9190354009485737,249.2650067651162,168.01478359714955,181.91405721592994,0.017749117593261712,0.3521037848044039,149.85406186037602
CBB,CBB16,0,4.0,20,0,8.0,4,60.0,4,66.9623985454125,2.30436492421804,262.0,5.0,50,875,1.0,60.19,32.7,0.0,0.04,0.2,0.0,0.08,0.04,0.6,0.04,6.0,0.0188691795322976,10.115696571246504,8.68,0.1201905154327911,1836.48,83.2,0.2044258810141278,-6.6624,2.788375726339274,0.0009655689320712,0.3646062266353311,3.5378,0.1288955216093458,1.7795243433247898,83.2,0.2908292164303111,3.5777213092891187,2.529830998993949,0.0017592472683951484,96.71675162269032,295.9532599654324,1.175393800570351,0.022002347816046604,0.9214801700241896,272.71506031215984,177.20869677320903,188.68783491054762,0.018869179532297595,0.36460622663533115,198.32561232498318
CBB,CBB17,0,20.0,8,0,8.0,4,40.0,20,89.1446691229352,4.36577708263636,380.0,14.0,60,950,2.0,30.5,16.02,0.0,0.2,0.08,0.0,0.08,0.04,0.4,0.2,6.0,0.0298436718113951,12.829857795634318,8.2,0.1264442960358434,1861.44,73.72,0.2302515605635348,-10.752000000000002,2.221169130869191,0.0024154206278685,0.53011398436716,3.5730000000000004,0.181071492085037,1.484299839346786,73.72,0.31171315494172913,3.596162825057964,2.5428711198494582,0.002356684379631658,110.71726061979012,338.79481749655776,1.2021806397959454,0.02151209424347694,0.9226509243841247,312.5893515397498,258.62704546485367,301.4217372136313,0.029843671811395113,0.53011398436716,290.55068290999174
CBB,CBB18,0,20.0,4,0,8.0,8,40.0,20,104.397533950324,2.3815331176585,439.0,3.0,60,800,2.0,27.07,14.7,0.0,0.2,0.04,0.0,0.08,0.08,0.4,0.2,6.0,0.0297929889603588,12.829857795634318,8.24,0.1332222203688258,1835.0,72.28,0.2047413205013873,-10.8032,2.17924217407703,0.0024044213821,0.5187969634315732,3.5738000000000003,0.1922011014307878,1.4324882557705063,72.28,0.3125125270823849,3.597523234671689,2.5438330747125146,0.002429444151707197,111.03950010219535,339.7808703127178,1.1934658655176051,0.02166917711530669,0.9222748421170662,313.37134852206117,246.38313394500386,287.06021519084726,0.029792988960358903,0.5187969634315732,344.05265589319083
CBB,CBB20,0,36.0,16,0,8.0,4,32.0,4,57.6188675317657,2.53369457858982,205.0,30.0,60,1225,4.0,135.66,64.34,0.0,0.36,0.16,0.0,0.08,0.04,0.32,0.04,6.0,0.0173915672722014,12.347909662525298,8.52,0.1109060863974561,1831.2,81.32000000000001,0.1953256101762319,-5.248,4.308592258768355,0.0008217479198587,0.3399758031238336,3.54468,0.0858566805814886,2.1324518127290033,81.32,0.29570745153810146,3.578179580705531,2.5301550458201185,0.001510575680978231,86.62316136398319,265.06687377378853,1.1001539378167793,0.02350709508188914,0.9179397864834207,243.31542951573925,157.78206840876513,173.46958986129005,0.017391567272201463,0.33997580312383363,162.58679979274464
CBB,CBB21,0,12.0,20,0,12.0,4,48.0,4,60.4236678990446,3.19629509684401,210.0,2.0,50,1050,1.0,89.88,48.21,0.0,0.12,0.2,0.0,0.12,0.04,0.48,0.04,6.0,0.0183825958984005,11.976866565400028,8.52,0.1175183389943884,1843.0,83.36,0.2037477973463783,-6.1888000000000005,3.566663178650506,0.0009142049906047,0.3577997231780059,3.54212,0.1054795985268476,1.9536630637470913,83.36,0.2900920514858291,3.584001899977734,2.5342720472597255,0.001704526541260485,94.67928048297871,289.7185982779149,1.1702061596957267,0.022099886423173662,0.9212482836397439,266.90276140204156,173.14394301208748,191.73353777568732,0.018382595898400574,0.3577997231780059,157.89307832773727
CBB,CBB22,0,20.0,4,0,8.0,8,40.0,20,90.4582024639401,3.27746146992539,386.0,7.0,50,800,2.0,34.64,20.87,0.0,0.2,0.04,0.0,0.08,0.08,0.4,0.2,6.0,0.0297929889603588,12.829857795634318,8.24,0.1332222203688258,1835.0,72.28,0.2047413205013873,-10.8032,2.17924217407703,0.0024044213821,0.5187969634315732,3.5738000000000003,0.1699069165076462,1.539577883345309,72.28,0.3125125270823849,3.597523234671689,2.5438330747125146,0.002429444151707197,111.03950010219535,339.7808703127178,1.1934658655176051,0.02166917711530669,0.9222748421170662,313.37134852206117,246.38313394500386,287.06021519084726,0.029792988960358903,0.5187969634315732,302.0659832452228
CBB,CBB23,0,20.0,8,0,8.0,4,40.0,20,90.0923614167361,2.60669842064505,245.0,32.0,60,950,1.0,36.06,17.84,0.0,0.2,0.08,0.0,0.08,0.04,0.4,0.2,6.0,0.0298436718113951,12.829857795634318,8.2,0.1264442960358434,1861.44,73.72,0.2302515605635348,-10.752000000000002,2.221169130869191,0.0024154206278685,0.53011398436716,3.5730000000000004,0.1665279511481134,1.5570257223863833,73.72,0.31171315494172913,3.596162825057964,2.5428711198494582,0.002356684379631658,110.71726061979012,338.79481749655776,1.2021806397959454,0.02151209424347694,0.9226509243841247,312.5893515397498,258.62704546485367,301.4217372136313,0.029843671811395113,0.53011398436716,162.73519213283197
CBC,CBC01,0,32.0,20,0,4.0,4,36.0,4,130.906666666666,5.21717462915619,205.4,6.4,50,1225,1.0,50.75,44.71,0.0,0.32,0.2,0.0,0.04,0.04,0.36,0.04,6.0,0.0179306430844484,11.97686656540003,8.48,0.116402061837409,1844.36,82.68,0.2078542470138657,-5.76,3.8350093087779857,0.000875719320853,0.3542730954019824,3.54104,0.1403724812687193,1.7054360465852505,82.68,0.2923360994615844,3.578179580705531,2.5301550458201185,0.0015736972115705837,89.62221641663153,274.2439822348925,1.1283551926915822,0.0229195765557509,0.9193128467738678,252.11601601896103,169.47837624269675,182.3923847322384,0.01793064308444845,0.35427309540198243,136.05599425325266
CBC,CBC02,0,48.0,12,0,4.0,8,24.0,4,127.837777777777,3.1506182031037,187.9,2.4,40,1200,1.0,91.56,86.56,0.0,0.48,0.12,0.0,0.04,0.08,0.24,0.04,6.0,0.0167990365632038,11.712872207100933,8.52,0.1183986486409367,1806.24,79.52,0.180671052572904,-5.0688,4.173819897284167,0.0007698472475774,0.3238629067637685,3.54536,0.1045074155867687,1.9617057840025056,79.52,0.2976716097825678,3.5770128406399815,2.529330036007886,0.0015205080882783782,85.56670658980637,261.8341221648075,1.0801982024320387,0.023941368503250092,0.9169322116766839,240.084140729,144.61752163640702,155.33604932858933,0.01679903656320388,0.3238629067637685,136.27333670013627
CBC,CBC03,0,52.0,16,0,4.0,4,20.0,4,143.951111111111,4.34749594452419,228.9,4.0,60,1075,2.0,27.78,20.56,0.0,0.52,0.16,0.0,0.04,0.04,0.2,0.04,6.0,0.0168725028115456,11.152461778096365,8.44,0.1091816834455303,1834.28,80.92,0.1973835390581545,-4.864000000000001,4.205743748011224,0.000777465035989,0.334422916946909,3.5454,0.1897290705990559,1.4437322414015967,80.92,0.2969577618737777,3.576387488102296,2.5288878449878562,0.0013990588631029401,82.20071627199668,251.53419179230985,1.0674580021903595,0.024227110732139064,0.9162725721754844,230.47388090362136,153.59609656133975,167.5047240939777,0.016872502811545603,0.33442291694690907,135.17383912406638
CBC,CBC04,0,48.0,12,0,4.0,8,24.0,4,120.054444444444,4.73417858910923,172.5,4.8,60,1200,1.0,88.48,62.67,0.0,0.48,0.12,0.0,0.04,0.08,0.24,0.04,6.0,0.0167990365632038,11.712872207100933,8.52,0.1183986486409367,1806.24,79.52,0.180671052572904,-5.0688,4.173819897284167,0.0007698472475774,0.3238629067637685,3.54536,0.1063108138906405,1.946845113960623,79.52,0.2976716097825678,3.5770128406399815,2.529330036007886,0.0015205080882783782,85.56670658980637,261.8341221648075,1.0801982024320387,0.023941368503250092,0.9169322116766839,240.084140729,144.61752163640702,155.33604932858933,0.01679903656320388,0.3238629067637685,119.9824579380236
CBC,CBC05,0,52.0,12,0,4.0,12,16.0,4,128.58625,4.03037199740917,181.6,2.0,50,1175,1.0,102.54,85.69,0.0,0.52,0.12,0.0,0.04,0.12,0.16,0.04,6.0,0.0164676844844102,11.636508122574984,8.36,0.1275216060124714,1799.48,79.6,0.1804153072463944,-5.1648,4.054302903580242,0.0007414772684792,0.3193320355867861,3.54684,0.0987536925313191,2.0108933131043805,79.6,0.2943624649022245,3.5846661044035146,2.5347417107132895,0.0016225827738075677,88.58356206717275,271.0656999255486,1.1067017341267495,0.023368015449419993,0.9182637791066168,248.90981399981442,142.06899803153414,153.89234487264494,0.016467684484410196,0.31933203558678613,132.81567588952836
CBC,CBC06,0,52.0,12,0,4.0,8,20.0,4,129.416666666666,3.50505032457135,194.3,3.3,50,1200,1.0,43.05,33.57,0.0,0.52,0.12,0.0,0.04,0.08,0.2,0.04,6.0,0.0166118708014083,11.439476428140056,8.48,0.1176544091821466,1807.84,79.48,0.1809020439046769,-4.940800000000001,4.185707388651375,0.0007535423696903,0.3215118005279069,3.5462,0.1524099856197375,1.6339731557896735,79.48,0.2977571340144335,3.5777629751783375,2.5298604612267597,0.0014957694176932913,84.61465604397716,258.9208474945701,1.0745775941060345,0.024066594504502475,0.9166428046677174,237.3379318343651,143.14736093243542,154.50065794318925,0.01661187080140835,0.3215118005279069,119.00946710384969
CBC,CBC07,0,48.0,12,0,8.0,12,16.0,4,114.11,3.83226760547851,165.5,2.2,40,1175,1.0,88.81,81.61,0.0,0.48,0.12,0.0,0.08,0.12,0.16,0.04,6.0,0.0164071568394351,12.347909662525298,8.32,0.1267476232518779,1801.2,79.88,0.1794799897502843,-5.087999999999999,4.371276510247754,0.0007342806917913,0.3180046137755564,3.54864,0.1061131153251286,1.9484618700612837,79.88,0.2933687272621454,3.5886875844549184,2.5375853265280437,0.0016320510267143335,88.98218468611375,272.2854851395081,1.114881927676432,0.023196557930464046,0.9186640836333925,250.13889569235994,141.7790998701315,157.39548193475053,0.016407156839435128,0.31800461377555644,113.08012102938648
CBC,CBC08,0,48.0,16,0,4.0,4,24.0,4,137.372222222222,4.29364589384457,194.6,1.4,50,1250,1.0,48.67,41.58,0.0,0.48,0.16,0.0,0.04,0.04,0.24,0.04,6.0,0.0170627905539827,11.425857557057236,8.48,0.109935253672332,1832.68,80.96000000000001,0.1971176699500255,-4.992000000000001,4.194699644965476,0.0007943384604465,0.3367297345167667,3.54456,0.1433406359284151,1.6872613462435064,80.96,0.29687223764191195,3.575636776264222,2.5283570115564373,0.00142300302149273,83.15623682259334,254.45808467713564,1.0732334709137732,0.024096735632885946,0.9165732211965443,233.22946633202525,155.08699722897708,168.2560242974563,0.01706279055398272,0.33672973451676674,123.78972585136295
CBC,CBC09,0,48.0,16,0,4.0,4,24.0,4,127.144444444444,4.27838783528746,201.0,4.2,40,1250,1.0,50.78,42.91,0.0,0.48,0.16,0.0,0.04,0.04,0.24,0.04,6.0,0.0170627905539827,11.425857557057236,8.48,0.109935253672332,1832.68,80.96000000000001,0.1971176699500255,-4.992000000000001,4.194699644965476,0.0007943384604465,0.3367297345167667,3.54456,0.1403310102506488,1.7056926965377035,80.96,0.29687223764191195,3.575636776264222,2.5283570115564373,0.00142300302149273,83.15623682259334,254.45808467713564,1.0732334709137732,0.024096735632885946,0.9165732211965443,233.22946633202525,155.08699722897708,168.2560242974563,0.01706279055398272,0.33672973451676674,131.67648093617947
CBC,CBC10,0,48.0,12,0,8.0,12,16.0,4,124.112222222222,4.96483361649775,185.4,2.3,60,1175,1.0,84.09,67.64,0.0,0.48,0.12,0.0,0.08,0.12,0.16,0.04,6.0,0.0164071568394351,12.347909662525298,8.32,0.1267476232518779,1801.2,79.88,0.1794799897502843,-5.087999999999999,4.371276510247754,0.0007342806917913,0.3180046137755564,3.54864,0.1090505408252301,1.9247443524799488,79.88,0.2933687272621454,3.5886875844549184,2.5375853265280437,0.0016320510267143335,88.98218468611375,272.2854851395081,1.114881927676432,0.023196557930464046,0.9186640836333925,250.13889569235994,141.7790998701315,157.39548193475053,0.016407156839435128,0.31800461377555644,131.52903283233633
CBC,CBC11,0,40.0,16,0,4.0,4,28.0,8,139.12,2.64132542485775,234.8,5.9,40,1225,1.0,44.84,38.39,0.0,0.4,0.16,0.0,0.04,0.04,0.28,0.08,6.0,0.0214634572122004,12.269203204834223,8.360000000000001,0.1166533325713414,1847.68,79.88000000000001,0.216029862982115,-6.6944,3.3863470030933467,0.0012672156135256,0.4057129287415686,3.5507200000000005,0.1493369227723747,1.6516656039229356,79.88,0.2986911186345208,3.5821728702360596,2.5329787279263964,0.0017143210462647867,93.38950060101057,285.77187183909234,1.1359495258229035,0.022766348885298642,0.9196728685953248,262.81663713811355,196.18213207200876,222.4516155159239,0.021463457212200464,0.4057129287415687,161.0275601504469
CBC,CBC12,0,32.0,16,0,4.0,4,36.0,8,142.42,7.07505678927233,221.0,4.4,60,1225,1.0,56.62,53.63,0.0,0.32,0.16,0.0,0.04,0.04,0.36,0.08,6.0,0.0218264087360299,12.347909662525298,8.44,0.1182025380438169,1844.48,79.96000000000001,0.2155573087072176,-7.0016,3.2528953973855494,0.0013091546975751,0.410391685618792,3.54904,0.1328969663822826,1.752969865029084,79.96,0.2985200701707894,3.5806759810878637,2.531920267459022,0.0017682971943648084,95.38733080936431,291.88523227665485,1.1471710239500463,0.022543651017199958,0.920197560329375,268.59207863715073,199.40396395807412,224.4555258472957,0.021826408736029958,0.410391685618792,155.3488986071524
CBC,CBC13,0,4.0,4,0,4.0,4,72.0,12,227.513333333333,7.86278293961848,544.5,40.2,40,1200,8.0,39.52,86.53,0.0,0.04,0.04,0.0,0.04,0.04,0.72,0.12,6.0,0.0259705516406052,8.363673527288746,9.0,0.1161474924395701,1797.2399999999998,74.4,0.1705665814969387,-8.6976,1.7282386647103136,0.0018478943010929,0.4491738685275355,3.55148,0.1590711907439444,1.5968169359155906,74.4,0.3124934537626641,3.5668107467150225,2.5221160662112454,0.00201453320321972,100.87560436142935,308.6793493459738,1.1247891045188092,0.02299224193857873,0.9191423936802834,283.72027603753077,209.27716466552266,235.89815155842328,0.02597055164060524,0.4491738685275356,465.91883177249144
CBC,CBC14,0,36.0,16,0,4.0,8,32.0,4,152.554444444444,2.45380933385492,273.4,17.3,60,875,4.0,17.8,10.91,0.0,0.36,0.16,0.0,0.04,0.08,0.32,0.04,6.0,0.0175020967731149,12.347909662525298,8.48,0.123482792323465,1819.52,81.2,0.1956849661678936,-5.670400000000001,3.962201712252756,0.0008344669409134,0.3416304936575959,3.5426800000000003,0.2370227315699886,1.250420002308894,81.2,0.29322099583410594,3.5803027614487575,2.5316563613213385,0.0016418271625665954,90.77431487308625,277.76940351164393,1.1273794745915755,0.022939412863040458,0.9192662983750872,255.34405136800487,158.57247248702419,169.70631694755835,0.017502096773114942,0.34163049365759596,156.3107706044256
CBC,CBC15,0,4.0,16,0,16.0,4,56.0,4,124.016666666666,2.77836482685609,179.7,2.9,50,1200,8.0,161.29,127.53,0.0,0.04,0.16,0.0,0.16,0.04,0.56,0.04,6.0,0.0183230803205417,10.786496508566067,8.68,0.1142096318179863,1825.04,82.12,0.1908791914582539,-6.092800000000001,3.230991922924339,0.0009048396255501,0.3498329536716225,3.5432400000000004,0.0787401574803149,2.2076074419119136,82.12,0.29320683086674915,3.5817583904777996,2.532685646478666,0.0017248644157868795,94.86870252167904,290.29822971633786,1.160449298537131,0.02228569852519609,0.9208074791759419,267.3087811143396,165.52343629037193,184.8958637901822,0.01832308032054181,0.3498329536716225,140.80236220472443
CBC,CBC16,0,32.0,4,0,8.0,4,44.0,8,125.656666666666,6.77325623315699,176.4,0.8,40,1225,8.0,144.68,127.75,0.0,0.32,0.04,0.0,0.08,0.04,0.44,0.08,6.0,0.0213800085830678,11.535484298537703,8.84,0.1039815368226494,1793.56,75.52,0.15181603795215,-6.0864,3.3993137517227394,0.0012499963535022,0.3742551666103956,3.55216,0.0831372681988105,2.160408500089582,75.52,0.31019398052117036,3.568823058798396,2.5235389857312622,0.0016093502457552669,87.56093121074058,267.9364495048662,1.0575784289926693,0.024453432967242415,0.9157519433799078,245.36332433639376,166.55153942829685,188.8806519025051,0.021380008583067878,0.3742551666103957,135.33018950978763
CBC,CBC17,0,48.0,12,0,8.0,8,16.0,8,127.995555555555,3.97118261453999,193.1,9.0,50,1175,4.0,89.75,92.69,0.0,0.48,0.12,0.0,0.08,0.08,0.16,0.08,6.0,0.0206306892644229,12.521921065215638,8.24,0.1211610498468876,1827.76,78.6,0.2000006474618685,-6.208,3.6867052909404854,0.0011701289557971,0.3859538131740779,3.55584,0.1055559627938519,1.9530344572503568,78.6,0.2987533258306946,3.5898041714706017,2.538374872778618,0.0017237884166745095,92.24783428367735,282.2783729080527,1.1270754625735895,0.02294560043204314,0.9192517812091417,259.4848970925458,180.60617351015233,208.26411552298237,0.02063068926442288,0.3859538131740779,140.95535437983716
CBC,CBC18,0,8.0,16,0,8.0,12,52.0,4,135.128333333333,6.08778398835642,213.3,0.2,40,675,2.0,160.85,142.49,0.0,0.08,0.16,0.0,0.08,0.12,0.52,0.04,6.0,0.0184104836610009,11.810519525265324,8.56,0.1364615696817239,1803.28,81.84,0.1920105876452807,-6.816000000000001,3.124658692711334,0.0009187015153047,0.3516222666124448,3.54008,0.0788477795151715,2.2064210652379885,81.84,0.2883194436906237,3.5867401584022396,2.536208288360335,0.001940011529584354,100.8067528169936,308.4686636200004,1.1991644023148629,0.02156620324206671,0.9225212755020556,284.5689050151373,166.0849869809987,176.41210615364145,0.018410483661000905,0.35162226661244483,174.3491969195053
CBC,CBC19,0,12.0,8,0,32.0,12,32.0,4,135.657777777777,5.50300882907155,151.5,1.1,60,1150,2.0,101.69,88.59,0.0,0.12,0.08,0.0,0.32,0.12,0.32,0.04,6.0,0.0166203642242865,13.043955273286652,8.36,0.1229269701896211,1788.64,80.12,0.153405824560029,-4.9792,4.685680462727233,0.0007383918002993,0.3070014540480486,3.55708,0.0991655617343237,2.0072782473342445,80.12,0.29134376997893846,3.604971370377621,2.5490997019773767,0.0016461562455435928,89.23457841139785,273.0578099388774,1.1334278435576466,0.022817000101037713,0.9195537700172136,251.09133856193853,135.6826908073759,164.87037717862557,0.01662036422428655,0.3070014540480486,102.51221250324409
CBC,CBC22,0,8.0,8,0,4.0,8,52.0,20,163.138888888888,3.73160211182645,226.6,98.7,60,1100,1.0,50.4,41.04,0.0,0.08,0.08,0.0,0.04,0.08,0.52,0.2,6.0,0.030401512949077,11.613487830830394,8.28,0.1385201790354026,1844.96,73.72,0.2297715719644015,-11.6672,1.836466376540116,0.0025145000001197,0.5379623449822248,3.56848,0.1408590424547527,1.7024305364455252,73.72,0.30897012654213646,3.596039100409087,2.5427836333112377,0.0025609497722591332,116.08241479946456,355.21218928636154,1.2308367497550465,0.021011253706976624,0.9238561828511409,328.1649772962949,263.7449145581681,307.0058181543872,0.030401512949077038,0.5379623449822248,157.01563302735218
CBC,CBC24,0,8.0,8,0,16.0,4,60.0,4,131.347777777777,3.9403236691018,178.0,24.7,50,900,8.0,37.93,36.03,0.0,0.08,0.08,0.0,0.16,0.04,0.6,0.04,6.0,0.017534304990496,10.486739668371772,8.96,0.1035343421285903,1790.48,78.96000000000001,0.1565292162773806,-5.2416,3.582169116572476,0.0008292228611863,0.3212616838845606,3.5444,0.1623710423428718,1.5789828427027903,78.96,0.3016804376043444,3.5714185900338182,2.525374303468611,0.001595381687015387,88.76742414053057,271.6283178700235,1.0911991074863938,0.023700004008018534,0.9174914516366807,249.21665966819762,142.0633261731514,160.63295636360903,0.017534304990496078,0.3212616838845606,97.78870508262133
